President,Noah Crossman,Present
Vice President,Caleb Pereira,Present
Chairperson,Reyna Torres,Present
Secretary,Jason Hong,Present
Senator,Yashsavi Negi,Present
Senator,Hargun Uppal,Absent with regrets
Senator,Kushal Joshi,Absent with regrets
UMSU Director,Danylo Kruk,Present
Director of Student Advocacy,Roopak Brar,Absent with regrets
International Representative,Gurminder Singh,Present
Women’s Representative,Zaina Abazid,Present
First Years' Representative,Vacant,Position vacant
Racialized Representative,Vacant,Position vacant
Black Students’ Representative,Seun Fatunmbi,Present
2SLGBTQIA+ Representative,Alice Miranda Gislason,Present
Accessibility Representative,Victoria Vong,Present
Indigenous Representative,April Quill,Present
Treasurer,Anshika Sharma,Absent with regrets
Lounge Programmer,Sean Delaney,Present
Executive Assistant,Nick Sarte,Present
External Partnerships Programmer,Hamza Haque,Absent with regrets
Director of Communications,Yeeun Ryu,Absent with regrets
Communications Programmer (Marketing),Vincenzina Conia,Absent with regrets
Communications Programmer (Marketing),Imrose Dhaliwal,Absent with regrets
Communications Programmer (Media),Alix Ganetsky,Absent with regrets
Communications Programmer (Productions),Hashmeen Kaur,Present
Director of Special Events,Quinn Derksen,Present
Special Events Programmer (Social),Jayden Gupta,Present
Special Events Programmer (Social),Zenah Large,Absent with regrets
Special Events Programmer (Research),Fatin Shadab Talukder,Present
Special Events Programmer (Research),Benjamin Lehman,Present
Director of Student Services,Ian Ogweno,Absent with regrets
Student Services Programmer (Academics),Erica Wong,Present
Student Services Programmer (Academics),Mary Lozano,Present
Student Services Programmer (Operations),Harsh Kumar,Absent with regrets
Student Services Programmer (Operations),Matthew Gray,Absent
Student Services Programmer (Outreach),Kay Durojaiye,Present